{"cameraMode":{"drawMode":0,"name":"Shaded","section":"Shading Mode"},"sceneLighting":true,"audioPlay":false,"sceneViewState":{"showFog":true,"showMaterialUpdate":false,"showSkybox":true,"showFlares":true,"showImageEffects":true,"showParticleSystems":true},"in2DMode":false,"pivot":{"x":-0.12904036045074464,"y":0.4995450973510742,"z":-1.0884299278259278},"rotation":{"x":0.09873566031455994,"y":-0.24312818050384522,"z":0.02488557994365692,"w":0.9646368026733398},"size":1.7516775131225587,"orthographic":false}